new_column,gemini_response
client_reference,"```json
{
  ""equivalent"": true,
  ""standard_name"": ""client_reference"",
  ""confidence"": 1.0,
  ""reason"": ""The new column 'client_reference' matches a field with the same name in the reference schema.""
}
```
"
full_customer_name,"```json
{
  ""equivalent"": true,
  ""standard_name"": ""full_customer_name"",
  ""confidence"": 1.0,
  ""reason"": ""The new column 'full_customer_name' is already present in the reference schema.""
}
```
"
contact_email,"```json
{
  ""equivalent"": true,
  ""standard_name"": ""contact_email"",
  ""confidence"": 1.0,
  ""reason"": ""The new column 'contact_email' exactly matches an existing column in the reference schema.""
}
```
"
transaction_ref,"```json
{
  ""equivalent"": true,
  ""standard_name"": ""transaction_ref"",
  ""confidence"": 1.0,
  ""reason"": ""The new column 'transaction_ref' is an exact match to a field in the reference schema.""
}
```
"
item_reference,"```json
{
  ""equivalent"": true,
  ""standard_name"": ""item_reference"",
  ""confidence"": 1.0,
  ""reason"": ""The new column 'item_reference' matches a field with the same name in the reference schema.""
}
```
"
